{"RuleTriggered": 0, "Violations": 0, "Details": {"pin_memory": false, "num_workers": 0, "cores": 36, "dataloaders": 1, "dataloading_time": {"p25": 0.02238175, "p50": 0.0231205, "p95": 0.024532799999999997, "probs": [1, 0, 0, 0, 0, 0, 0, 0, 0, 0, 0, 0, 0, 0, 0, 0, 0, 0, 0, 0, 0, 0, 0, 0, 0, 0, 0, 0, 0, 0, 0, 0, 0, 0, 0, 0, 0, 0, 0, 0, 0, 0, 0, 0, 0, 0, 0, 0, 0, 0, 0, 0, 0, 0, 0, 0, 0, 0, 0, 0, 0, 0, 0, 0, 0, 0, 0, 0, 0, 0, 0, 0, 0, 0, 0, 0, 0, 0, 0, 0, 0, 1, 0, 1, 0, 0, 1, 1, 0, 1, 0, 3, 0, 0, 0, 0, 0, 0, 0, 1], "binedges": [0.006681, 0.00686652, 0.007052040000000001, 0.0072375600000000005, 0.00742308, 0.0076086, 0.00779412, 0.00797964, 0.008165160000000001, 0.008350680000000001, 0.0085362, 0.00872172, 0.00890724, 0.00909276, 0.00927828, 0.009463800000000001, 0.00964932, 0.009834840000000001, 0.01002036, 0.01020588, 0.0103914, 0.01057692, 0.010762440000000002, 0.01094796, 0.011133480000000001, 0.011319, 0.01150452, 0.01169004, 0.01187556, 0.01206108, 0.0122466, 0.012432120000000001, 0.01261764, 0.012803160000000001, 0.012988679999999999, 0.0131742, 0.01335972, 0.01354524, 0.013730760000000002, 0.01391628, 0.014101800000000001, 0.01428732, 0.01447284, 0.014658359999999999, 0.01484388, 0.015029400000000002, 0.01521492, 0.015400440000000001, 0.01558596, 0.01577148, 0.015957, 0.01614252, 0.01632804, 0.01651356, 0.01669908, 0.0168846, 0.01707012, 0.01725564, 0.01744116, 0.01762668, 0.0178122, 0.017997720000000002, 0.01818324, 0.01836876, 0.01855428, 0.0187398, 0.01892532, 0.01911084, 0.01929636, 0.01948188, 0.0196674, 0.01985292, 0.02003844, 0.02022396, 0.02040948, 0.020595, 0.02078052, 0.020966040000000002, 0.02115156, 0.02133708, 0.0215226, 0.02170812, 0.02189364, 0.02207916, 0.02226468, 0.0224502, 0.022635719999999998, 0.02282124, 0.02300676, 0.02319228, 0.0233778, 0.02356332, 0.02374884, 0.02393436, 0.02411988, 0.024305399999999998, 0.02449092, 0.02467644, 0.02486196, 0.02504748, 0.025233]}}, "Datapoints": 10, "RuleParameters": "min_threshold:70\nmax_threshold:200"}