{"RuleTriggered": 0, "Violations": 0, "Details": {"step_num": {"first": 1654211184934728, "last": 1654213713825441}, "job_start": 1654211120.500176, "job_end": 1654213739.50045}, "Datapoints": 86, "RuleParameters": "threshold:20"}