{"RuleTriggered": 0, "Violations": 0, "Details": {"ratio": {"cpu_functions": 100.0}, "phase": {"Step:ModeKeys.GLOBAL": 110.4645343358613, "others": -10.464534335861309}, "phase_time": {}, "general": {"DataLoaderIterInitialize": 0.008109897598429304, "Forward": 99.98302970124485, "DataLoaderIter": 0.008860401156732846}, "CPU": {"dropout": 2.990716628883621, "matmul": 10.57324106553352, "mm": 30.527535020536682, "NativeLayerNormBackward": 5.706595541910299, "native_layer_norm_backward": 5.705026980669915, "MmBackward": 21.325990795645193, "GeluBackward": 11.585619013737771, "gelu_backward": 11.585274953083022}, "CPU_total": {"dropout": 12456225, "matmul": 44037161, "mm": 127146063, "NativeLayerNormBackward": 23767761, "native_layer_norm_backward": 23761228, "MmBackward": 88821969, "GeluBackward": 48253678, "gelu_backward": 48252245}}, "Datapoints": 0, "RuleParameters": ""}